<?xml version="1.0" encoding="UTF-8"?>
<project-private xmlns="http://www.netbeans.org/ns/project-private/1">
    <editor-bookmarks xmlns="http://www.netbeans.org/ns/editor-bookmarks/2" lastBookmarkId="0"/>
    <open-files xmlns="http://www.netbeans.org/ns/projectui-open-files/2">
        <group>
            <file>file:/C:/Users/carlo/OneDrive/Documentos/NetBeansProjects/PP_ER_8230255/src/PP_ER_8230255/main/MainClass.java</file>
            <file>file:/C:/Users/carlo/OneDrive/Documentos/NetBeansProjects/PP_ER_8230255/src/PP_ER_8230255/io/WriteFiles.java</file>
            <file>file:/C:/Users/carlo/OneDrive/Documentos/NetBeansProjects/PP_ER_8230255/src/PP_ER_8230255/pickingManagement/RouteGeneratorImpl.java</file>
        </group>
    </open-files>
</project-private>
